<?xml version="1.0" encoding="utf-8"?> 
<Data> 
<AssessmentScore ScoreName="vioscsi.x64.General.XMLTimeStamp" ScoreValue="0" ScoreUnit="12/08/2017 20:16:10" />
<AssessmentScore ScoreName="vioscsi.x64.General.DriverBinary" ScoreValue="0" ScoreUnit="vioscsi.sys" />
<AssessmentScore ScoreName="vioscsi.x64.General.BinaryTimeStamp" ScoreValue="0" ScoreUnit="12/08/2017 20:00:51" />
<AssessmentScore ScoreName="vioscsi.x64.General.DriverType" ScoreValue="0" ScoreUnit="storport" />
<AssessmentScore ScoreName="vioscsi.x64.General.DriverSize" ScoreValue="3201" ScoreUnit="LOC" />
<AssessmentScore ScoreName="vioscsi.x64.General.DriverVersion" ScoreValue="0" ScoreUnit="0" />
<AssessmentScore ScoreName="vioscsi.x64.General.Libs" ScoreValue="0" ScoreUnit="Number of external libraries used" />
<AssessmentScore ScoreName="vioscsi.x64.SDV.Version" ScoreValue="0" ScoreUnit="4.0.505.8" />
<AssessmentScore ScoreName="vioscsi.x64.SDV.NA.Reason" ScoreValue="5" ScoreUnit="SDV encountered errors when scanning the driver. Please ensure roletypes are present and/or consult SDV documentation." />

<AssessmentScore ScoreName="vioscsi.x64.CodeAnalysis.Summary" ScoreValue="0" ScoreUnit="Types of defects seen" />

</Data>