<?xml version="1.0" encoding="utf-8"?> 
<Data> 
<AssessmentScore ScoreName="ivshmem.x64.CodeAnalysis.Summary" ScoreValue="2" ScoreUnit="Types of defects seen" />
<AssessmentScore ScoreName="ivshmem.x64.CodeAnalysis.Defect.28159" ScoreValue="1" ScoreUnit="CA_FAILED" />
<AssessmentScore ScoreName="ivshmem.x64.CodeAnalysis.Defect.6320" ScoreValue="1" ScoreUnit="CA_FAILED" />

<AssessmentScore ScoreName="ivshmem.x64.General.XMLTimeStamp" ScoreValue="0" ScoreUnit="12/08/2017 21:05:37" />
<AssessmentScore ScoreName="ivshmem.x64.General.DriverBinary" ScoreValue="0" ScoreUnit="ivshmem.sys" />
<AssessmentScore ScoreName="ivshmem.x64.General.BinaryTimeStamp" ScoreValue="0" ScoreUnit="12/08/2017 20:00:50" />
<AssessmentScore ScoreName="ivshmem.x64.General.DriverType" ScoreValue="0" ScoreUnit="KMDF" />
<AssessmentScore ScoreName="ivshmem.x64.General.DriverSize" ScoreValue="739" ScoreUnit="LOC" />
<AssessmentScore ScoreName="ivshmem.x64.General.DriverVersion" ScoreValue="0" ScoreUnit="0" />
<AssessmentScore ScoreName="ivshmem.x64.General.Libs" ScoreValue="0" ScoreUnit="Number of external libraries used" />
<AssessmentScore ScoreName="ivshmem.x64.SDV.Version" ScoreValue="0" ScoreUnit="4.0.505.8" />
<AssessmentScore ScoreName="ivshmem.x64.SDV.DriverEntry.fun_DriverEntry" ScoreValue="0" ScoreUnit="" />
<AssessmentScore ScoreName="ivshmem.x64.SDV.DriverEntry.fun_WDF_DEVICE_D0_ENTRY" ScoreValue="0" ScoreUnit="" />
<AssessmentScore ScoreName="ivshmem.x64.SDV.DriverEntry.fun_WDF_DEVICE_D0_EXIT" ScoreValue="0" ScoreUnit="" />
<AssessmentScore ScoreName="ivshmem.x64.SDV.DriverEntry.fun_WDF_DEVICE_PREPARE_HARDWARE" ScoreValue="0" ScoreUnit="" />
<AssessmentScore ScoreName="ivshmem.x64.SDV.DriverEntry.fun_WDF_DEVICE_RELEASE_HARDWARE" ScoreValue="0" ScoreUnit="" />
<AssessmentScore ScoreName="ivshmem.x64.SDV.DriverEntry.fun_WDF_DRIVER_DEVICE_ADD" ScoreValue="0" ScoreUnit="" />
<AssessmentScore ScoreName="ivshmem.x64.SDV.DriverEntry.fun_WDF_FILE_CLEANUP" ScoreValue="0" ScoreUnit="" />
<AssessmentScore ScoreName="ivshmem.x64.SDV.DriverEntry.fun_WDF_INTERRUPT_DPC" ScoreValue="0" ScoreUnit="" />
<AssessmentScore ScoreName="ivshmem.x64.SDV.DriverEntry.fun_WDF_INTERRUPT_ISR" ScoreValue="0" ScoreUnit="" />
<AssessmentScore ScoreName="ivshmem.x64.SDV.DriverEntry.fun_WDF_IO_QUEUE_IO_DEVICE_CONTROL" ScoreValue="0" ScoreUnit="" />
<AssessmentScore ScoreName="ivshmem.x64.SDV.DriverEntry.fun_WDF_IO_QUEUE_IO_STOP" ScoreValue="0" ScoreUnit="" />
<AssessmentScore ScoreName="ivshmem.x64.SDV.ActiveRuleTotal" ScoreValue="126" ScoreUnit="Total rules available" />
<AssessmentScore ScoreName="ivshmem.x64.SDV.Rule.initfreedevicecreate" ScoreValue="0" ScoreUnit="SDV_PASSED" />
<AssessmentScore ScoreName="ivshmem.x64.SDV.Rule.dynamicbus" ScoreValue="0" ScoreUnit="SDV_PASSED" />
<AssessmentScore ScoreName="ivshmem.x64.SDV.Rule.controldeviceinitapi" ScoreValue="0" ScoreUnit="SDV_PASSED" />
<AssessmentScore ScoreName="ivshmem.x64.SDV.Rule.reqsendwhilespinlock" ScoreValue="0" ScoreUnit="SDV_PASSED" />
<AssessmentScore ScoreName="ivshmem.x64.SDV.Rule.readreqs" ScoreValue="0" ScoreUnit="SDV_PASSED" />
<AssessmentScore ScoreName="ivshmem.x64.SDV.Rule.nonpnpdrvpowerpolicyownerapi" ScoreValue="0" ScoreUnit="SDV_PASSED" />
<AssessmentScore ScoreName="ivshmem.x64.SDV.Rule.pdodeviceinitapi" ScoreValue="0" ScoreUnit="SDV_PASSED" />
<AssessmentScore ScoreName="ivshmem.x64.SDV.Rule.memafterreqcompletedreada" ScoreValue="0" ScoreUnit="SDV_PASSED" />
<AssessmentScore ScoreName="ivshmem.x64.SDV.Rule.nonpnpkmdfdriver" ScoreValue="1" ScoreUnit="SDV_FAILED" />
<AssessmentScore ScoreName="ivshmem.x64.SDV.Rule.requestgetstatusvalid" ScoreValue="0" ScoreUnit="SDV_PASSED" />
<AssessmentScore ScoreName="ivshmem.x64.SDV.Rule.bufafterreqcompletedwrite" ScoreValue="0" ScoreUnit="SDV_PASSED" />
<AssessmentScore ScoreName="ivshmem.x64.SDV.Rule.isusbdriver" ScoreValue="2" ScoreUnit="SDV_NA" />
<AssessmentScore ScoreName="ivshmem.x64.SDV.Rule.drivercreate" ScoreValue="0" ScoreUnit="SDV_PASSED" />
<AssessmentScore ScoreName="ivshmem.x64.SDV.Rule.staticbus" ScoreValue="2" ScoreUnit="SDV_NA" />
<AssessmentScore ScoreName="ivshmem.x64.SDV.Rule.bufafterreqcompletedintioctl" ScoreValue="0" ScoreUnit="SDV_PASSED" />
<AssessmentScore ScoreName="ivshmem.x64.SDV.Rule.wdfwaitlock" ScoreValue="0" ScoreUnit="SDV_PASSED" />
<AssessmentScore ScoreName="ivshmem.x64.SDV.Rule.bufafterreqcompletedioctl" ScoreValue="0" ScoreUnit="SDV_PASSED" />
<AssessmentScore ScoreName="ivshmem.x64.SDV.Rule.queuetimerdpc" ScoreValue="2" ScoreUnit="SDV_NA" />
<AssessmentScore ScoreName="ivshmem.x64.SDV.Rule.purekmdfdriver" ScoreValue="1" ScoreUnit="SDV_FAILED" />
<AssessmentScore ScoreName="ivshmem.x64.SDV.Rule.reqmarkcancelablesend" ScoreValue="0" ScoreUnit="SDV_PASSED" />
<AssessmentScore ScoreName="ivshmem.x64.SDV.Rule.nonfdonotpowerpolicyownerapi" ScoreValue="0" ScoreUnit="SDV_PASSED" />
<AssessmentScore ScoreName="ivshmem.x64.SDV.Rule.mdlafterreqcompletedreada" ScoreValue="0" ScoreUnit="SDV_PASSED" />
<AssessmentScore ScoreName="ivshmem.x64.SDV.Rule.wdfspinlockrelease" ScoreValue="0" ScoreUnit="SDV_PASSED" />
<AssessmentScore ScoreName="ivshmem.x64.SDV.Rule.markcanconcancreqlocal" ScoreValue="0" ScoreUnit="SDV_PASSED" />
<AssessmentScore ScoreName="ivshmem.x64.SDV.Rule.spinlockdpc" ScoreValue="0" ScoreUnit="SDV_PASSED" />
<AssessmentScore ScoreName="ivshmem.x64.SDV.Rule.wdfioqueuefindrequestfailed" ScoreValue="0" ScoreUnit="SDV_PASSED" />
<AssessmentScore ScoreName="ivshmem.x64.SDV.Rule.wdfrequestsendsyncatdispatch" ScoreValue="0" ScoreUnit="SDV_PASSED" />
<AssessmentScore ScoreName="ivshmem.x64.SDV.Rule.setcompletionroutinefromdispatch" ScoreValue="0" ScoreUnit="SDV_PASSED" />
<AssessmentScore ScoreName="ivshmem.x64.SDV.Rule.noioqueuepurgesynchronously" ScoreValue="0" ScoreUnit="SDV_PASSED" />
<AssessmentScore ScoreName="ivshmem.x64.SDV.Rule.mdlafterreqcompletedioctla" ScoreValue="0" ScoreUnit="SDV_PASSED" />
<AssessmentScore ScoreName="ivshmem.x64.SDV.Rule.doublecompletionlocal" ScoreValue="0" ScoreUnit="SDV_PASSED" />
<AssessmentScore ScoreName="ivshmem.x64.SDV.Rule.mdlafterreqcompletedread" ScoreValue="0" ScoreUnit="SDV_PASSED" />
<AssessmentScore ScoreName="ivshmem.x64.SDV.Rule.spinlockrelease" ScoreValue="0" ScoreUnit="SDV_PASSED" />
<AssessmentScore ScoreName="ivshmem.x64.SDV.Rule.usbkmdfirql" ScoreValue="0" ScoreUnit="SDV_PASSED" />
<AssessmentScore ScoreName="ivshmem.x64.SDV.Rule.memafterreqcompletedioctla" ScoreValue="0" ScoreUnit="SDV_PASSED" />
<AssessmentScore ScoreName="ivshmem.x64.SDV.Rule.outputbufferapi" ScoreValue="0" ScoreUnit="SDV_PASSED" />
<AssessmentScore ScoreName="ivshmem.x64.SDV.Rule.deviceinitallocate" ScoreValue="0" ScoreUnit="SDV_PASSED" />
<AssessmentScore ScoreName="ivshmem.x64.SDV.Rule.usbcontreader" ScoreValue="0" ScoreUnit="SDV_PASSED" />
<AssessmentScore ScoreName="ivshmem.x64.SDV.Rule.childlistconfiguration" ScoreValue="0" ScoreUnit="SDV_PASSED" />
<AssessmentScore ScoreName="ivshmem.x64.SDV.Rule.manualqueuedispatching" ScoreValue="2" ScoreUnit="SDV_NA" />
<AssessmentScore ScoreName="ivshmem.x64.SDV.Rule.usbkmdfirql2" ScoreValue="0" ScoreUnit="SDV_PASSED" />
<AssessmentScore ScoreName="ivshmem.x64.SDV.Rule.evtsurpriseremovenosuspendqueue" ScoreValue="0" ScoreUnit="SDV_PASSED" />
<AssessmentScore ScoreName="ivshmem.x64.SDV.Rule.wdfinterruptlock" ScoreValue="0" ScoreUnit="SDV_PASSED" />
<AssessmentScore ScoreName="ivshmem.x64.SDV.Rule.requestsendandforgetnoformatting" ScoreValue="0" ScoreUnit="SDV_PASSED" />
<AssessmentScore ScoreName="ivshmem.x64.SDV.Rule.changequeuestate" ScoreValue="0" ScoreUnit="SDV_PASSED" />
<AssessmentScore ScoreName="ivshmem.x64.SDV.Rule.invalidreqaccess" ScoreValue="0" ScoreUnit="SDV_PASSED" />
<AssessmentScore ScoreName="ivshmem.x64.SDV.Rule.faild0entryiotargetstate" ScoreValue="0" ScoreUnit="SDV_PASSED" />
<AssessmentScore ScoreName="ivshmem.x64.SDV.Rule.memafterreqcompletedwritea" ScoreValue="0" ScoreUnit="SDV_PASSED" />
<AssessmentScore ScoreName="ivshmem.x64.SDV.Rule.fileobjectconfigured" ScoreValue="0" ScoreUnit="SDV_PASSED" />
<AssessmentScore ScoreName="ivshmem.x64.SDV.Rule.kmdfirql2" ScoreValue="0" ScoreUnit="SDV_PASSED" />
<AssessmentScore ScoreName="ivshmem.x64.SDV.Rule.evtiostopcancel" ScoreValue="0" ScoreUnit="SDV_PASSED" />
<AssessmentScore ScoreName="ivshmem.x64.SDV.Rule.bufafterreqcompletedioctla" ScoreValue="0" ScoreUnit="SDV_PASSED" />
<AssessmentScore ScoreName="ivshmem.x64.SDV.Rule.parentobjectchecklock" ScoreValue="0" ScoreUnit="SDV_PASSED" />
<AssessmentScore ScoreName="ivshmem.x64.SDV.Rule.fdodriver" ScoreValue="0" ScoreUnit="SDV_PASSED" />
<AssessmentScore ScoreName="ivshmem.x64.SDV.Rule.pdoinitfreedevicecreate" ScoreValue="0" ScoreUnit="SDV_PASSED" />
<AssessmentScore ScoreName="ivshmem.x64.SDV.Rule.initfreedevicecreatetype4" ScoreValue="0" ScoreUnit="SDV_PASSED" />
<AssessmentScore ScoreName="ivshmem.x64.SDV.Rule.wdfioqueueretrievenextrequest" ScoreValue="0" ScoreUnit="SDV_PASSED" />
<AssessmentScore ScoreName="ivshmem.x64.SDV.Rule.initfreedevicecreatetype2" ScoreValue="0" ScoreUnit="SDV_PASSED" />
<AssessmentScore ScoreName="ivshmem.x64.SDV.Rule.ctldevicefinishinitdrentry" ScoreValue="0" ScoreUnit="SDV_PASSED" />
<AssessmentScore ScoreName="ivshmem.x64.SDV.Rule.usbdevicecreatetarget" ScoreValue="0" ScoreUnit="SDV_PASSED" />
<AssessmentScore ScoreName="ivshmem.x64.SDV.Rule.inputbufferapi" ScoreValue="0" ScoreUnit="SDV_PASSED" />
<AssessmentScore ScoreName="ivshmem.x64.SDV.Rule.doubledeviceinitfree" ScoreValue="0" ScoreUnit="SDV_PASSED" />
<AssessmentScore ScoreName="ivshmem.x64.SDV.Rule.wdfspinlock" ScoreValue="0" ScoreUnit="SDV_PASSED" />
<AssessmentScore ScoreName="ivshmem.x64.SDV.Rule.kmdfirql" ScoreValue="0" ScoreUnit="SDV_PASSED" />
<AssessmentScore ScoreName="ivshmem.x64.SDV.Rule.memafterreqcompletedioctl" ScoreValue="0" ScoreUnit="SDV_PASSED" />
<AssessmentScore ScoreName="ivshmem.x64.SDV.Rule.controldeviceinitallocate" ScoreValue="0" ScoreUnit="SDV_PASSED" />
<AssessmentScore ScoreName="ivshmem.x64.SDV.Rule.devicecreatefail" ScoreValue="0" ScoreUnit="SDV_PASSED" />
<AssessmentScore ScoreName="ivshmem.x64.SDV.Rule.bufafterreqcompletedread" ScoreValue="0" ScoreUnit="SDV_PASSED" />
<AssessmentScore ScoreName="ivshmem.x64.SDV.Rule.pdoinitfreedevicecreatetype4" ScoreValue="0" ScoreUnit="SDV_PASSED" />
<AssessmentScore ScoreName="ivshmem.x64.SDV.Rule.memafterreqcompletedintioctla" ScoreValue="0" ScoreUnit="SDV_PASSED" />
<AssessmentScore ScoreName="ivshmem.x64.SDV.Rule.addpdotostaticchildlist" ScoreValue="0" ScoreUnit="SDV_PASSED" />
<AssessmentScore ScoreName="ivshmem.x64.SDV.Rule.doublecompletion" ScoreValue="0" ScoreUnit="SDV_PASSED" />
<AssessmentScore ScoreName="ivshmem.x64.SDV.Rule.memafterreqcompletedintioctl" ScoreValue="0" ScoreUnit="SDV_PASSED" />
<AssessmentScore ScoreName="ivshmem.x64.SDV.Rule.ioctlreqs" ScoreValue="0" ScoreUnit="SDV_PASSED" />
<AssessmentScore ScoreName="ivshmem.x64.SDV.Rule.accesshardwarekey" ScoreValue="0" ScoreUnit="SDV_PASSED" />
<AssessmentScore ScoreName="ivshmem.x64.SDV.Rule.requestformattedvalid" ScoreValue="0" ScoreUnit="SDV_PASSED" />
<AssessmentScore ScoreName="ivshmem.x64.SDV.Rule.stopackwithinevtiostop" ScoreValue="0" ScoreUnit="SDV_PASSED" />
<AssessmentScore ScoreName="ivshmem.x64.SDV.Rule.reqiscanconcancreq" ScoreValue="0" ScoreUnit="SDV_PASSED" />
<AssessmentScore ScoreName="ivshmem.x64.SDV.Rule.pdoinitfreedevicecreatetype2" ScoreValue="0" ScoreUnit="SDV_PASSED" />
<AssessmentScore ScoreName="ivshmem.x64.SDV.Rule.evtiostopcompleteorstopack" ScoreValue="0" ScoreUnit="SDV_PASSED" />
<AssessmentScore ScoreName="ivshmem.x64.SDV.Rule.bufafterreqcompletedreada" ScoreValue="0" ScoreUnit="SDV_PASSED" />
<AssessmentScore ScoreName="ivshmem.x64.SDV.Rule.mdlafterreqcompletedintioctl" ScoreValue="0" ScoreUnit="SDV_PASSED" />
<AssessmentScore ScoreName="ivshmem.x64.SDV.Rule.deviceinitapi" ScoreValue="0" ScoreUnit="SDV_PASSED" />
<AssessmentScore ScoreName="ivshmem.x64.SDV.Rule.ctldevicefinishinitdeviceadd" ScoreValue="0" ScoreUnit="SDV_PASSED" />
<AssessmentScore ScoreName="ivshmem.x64.SDV.Rule.requestsendandforgetnoformatting2" ScoreValue="0" ScoreUnit="SDV_PASSED" />
<AssessmentScore ScoreName="ivshmem.x64.SDV.Rule.reqcompletionroutine" ScoreValue="0" ScoreUnit="SDV_PASSED" />
<AssessmentScore ScoreName="ivshmem.x64.SDV.Rule.miniportonlywdmdevice" ScoreValue="0" ScoreUnit="SDV_PASSED" />
<AssessmentScore ScoreName="ivshmem.x64.SDV.Rule.wdfioqueueretrievefoundrequest" ScoreValue="0" ScoreUnit="SDV_PASSED" />
<AssessmentScore ScoreName="ivshmem.x64.SDV.Rule.fwdirptoioqueuevalid" ScoreValue="0" ScoreUnit="SDV_PASSED" />
<AssessmentScore ScoreName="ivshmem.x64.SDV.Rule.mdlafterreqcompletedwritea" ScoreValue="0" ScoreUnit="SDV_PASSED" />
<AssessmentScore ScoreName="ivshmem.x64.SDV.Rule.usbdevicecreatefail" ScoreValue="0" ScoreUnit="SDV_PASSED" />
<AssessmentScore ScoreName="ivshmem.x64.SDV.Rule.cleanup4ctldeviceregistered" ScoreValue="0" ScoreUnit="SDV_PASSED" />
<AssessmentScore ScoreName="ivshmem.x64.SDV.Rule.writereqs" ScoreValue="0" ScoreUnit="SDV_PASSED" />
<AssessmentScore ScoreName="ivshmem.x64.SDV.Rule.internalioctlreqs" ScoreValue="0" ScoreUnit="SDV_PASSED" />
<AssessmentScore ScoreName="ivshmem.x64.SDV.Rule.pdoinitfreedevicecallback" ScoreValue="0" ScoreUnit="SDV_PASSED" />
<AssessmentScore ScoreName="ivshmem.x64.SDV.Rule.wdfwaitlockrelease" ScoreValue="0" ScoreUnit="SDV_PASSED" />
<AssessmentScore ScoreName="ivshmem.x64.SDV.Rule.bufafterreqcompletedwritea" ScoreValue="0" ScoreUnit="SDV_PASSED" />
<AssessmentScore ScoreName="ivshmem.x64.SDV.Rule.childdeviceinitapi" ScoreValue="0" ScoreUnit="SDV_PASSED" />
<AssessmentScore ScoreName="ivshmem.x64.SDV.Rule.memafterreqcompletedread" ScoreValue="0" ScoreUnit="SDV_PASSED" />
<AssessmentScore ScoreName="ivshmem.x64.SDV.Rule.bufafterreqcompletedintioctla" ScoreValue="0" ScoreUnit="SDV_PASSED" />
<AssessmentScore ScoreName="ivshmem.x64.SDV.Rule.completecanceledreq" ScoreValue="0" ScoreUnit="SDV_PASSED" />
<AssessmentScore ScoreName="ivshmem.x64.SDV.Rule.wdfinterruptlockrelease" ScoreValue="0" ScoreUnit="SDV_PASSED" />
<AssessmentScore ScoreName="ivshmem.x64.SDV.Rule.initfreenull" ScoreValue="0" ScoreUnit="SDV_PASSED" />
<AssessmentScore ScoreName="ivshmem.x64.SDV.Rule.mdlafterreqcompletedintioctla" ScoreValue="0" ScoreUnit="SDV_PASSED" />
<AssessmentScore ScoreName="ivshmem.x64.SDV.Rule.notpowerpolicyowner" ScoreValue="1" ScoreUnit="SDV_FAILED" />
<AssessmentScore ScoreName="ivshmem.x64.SDV.Rule.memafterreqcompletedwrite" ScoreValue="0" ScoreUnit="SDV_PASSED" />
<AssessmentScore ScoreName="ivshmem.x64.SDV.Rule.mdlafterreqcompletedioctl" ScoreValue="0" ScoreUnit="SDV_PASSED" />
<AssessmentScore ScoreName="ivshmem.x64.SDV.Rule.usbdevicecreate" ScoreValue="0" ScoreUnit="SDV_PASSED" />
<AssessmentScore ScoreName="ivshmem.x64.SDV.Rule.mdlafterreqcompletedwrite" ScoreValue="0" ScoreUnit="SDV_PASSED" />
<AssessmentScore ScoreName="ivshmem.x64.SDV.Rule.requestcompleted" ScoreValue="0" ScoreUnit="SDV_PASSED" />
<AssessmentScore ScoreName="ivshmem.x64.SDV.Rule.reqdelete" ScoreValue="0" ScoreUnit="SDV_PASSED" />
<AssessmentScore ScoreName="ivshmem.x64.SDV.Rule.controldevicedeleted" ScoreValue="0" ScoreUnit="SDV_PASSED" />
<AssessmentScore ScoreName="ivshmem.x64.SDV.Rule.wdfrequestsendsyncatdispatch2" ScoreValue="0" ScoreUnit="SDV_PASSED" />
<AssessmentScore ScoreName="ivshmem.x64.SDV.Rule.invalidreqaccesslocal" ScoreValue="0" ScoreUnit="SDV_PASSED" />
<AssessmentScore ScoreName="ivshmem.x64.SDV.Rule.initfreedevicecallback" ScoreValue="0" ScoreUnit="SDV_PASSED" />
<AssessmentScore ScoreName="ivshmem.x64.SDV.Rule.spinlock" ScoreValue="0" ScoreUnit="SDV_PASSED" />

</Data>