<?xml version="1.0" encoding="utf-8"?> 
<Data> 
<AssessmentScore ScoreName="netkvm.x64.General.XMLTimeStamp" ScoreValue="0" ScoreUnit="12/08/2017 20:15:26" />
<AssessmentScore ScoreName="netkvm.x64.General.DriverBinary" ScoreValue="0" ScoreUnit="netkvm.sys" />
<AssessmentScore ScoreName="netkvm.x64.General.BinaryTimeStamp" ScoreValue="0" ScoreUnit="12/08/2017 20:00:49" />
<AssessmentScore ScoreName="netkvm.x64.General.DriverType" ScoreValue="0" ScoreUnit="ndis" />
<AssessmentScore ScoreName="netkvm.x64.General.DriverSize" ScoreValue="11146" ScoreUnit="LOC" />
<AssessmentScore ScoreName="netkvm.x64.General.DriverVersion" ScoreValue="0" ScoreUnit="0" />
<AssessmentScore ScoreName="netkvm.x64.General.Libs" ScoreValue="1" ScoreUnit="Number of external libraries used" />
<AssessmentScore ScoreName="netkvm.x64.SDV.Version" ScoreValue="0" ScoreUnit="4.0.505.8" />
<AssessmentScore ScoreName="netkvm.x64.SDV.DriverEntry.fun_DriverEntry" ScoreValue="0" ScoreUnit="" />
<AssessmentScore ScoreName="netkvm.x64.SDV.DriverEntry.fun_MINIPORT_ADD_DEVICE" ScoreValue="0" ScoreUnit="" />
<AssessmentScore ScoreName="netkvm.x64.SDV.DriverEntry.fun_MINIPORT_ALLOCATE_SHARED_MEM_COMPLETE" ScoreValue="0" ScoreUnit="" />
<AssessmentScore ScoreName="netkvm.x64.SDV.DriverEntry.fun_MINIPORT_CANCEL_DIRECT_OID_REQUEST" ScoreValue="0" ScoreUnit="" />
<AssessmentScore ScoreName="netkvm.x64.SDV.DriverEntry.fun_MINIPORT_CANCEL_OID_REQUEST_1" ScoreValue="0" ScoreUnit="" />
<AssessmentScore ScoreName="netkvm.x64.SDV.DriverEntry.fun_MINIPORT_CANCEL_SEND" ScoreValue="0" ScoreUnit="" />
<AssessmentScore ScoreName="netkvm.x64.SDV.DriverEntry.fun_MINIPORT_CHECK_FOR_HANG" ScoreValue="0" ScoreUnit="" />
<AssessmentScore ScoreName="netkvm.x64.SDV.DriverEntry.fun_MINIPORT_DEVICE_PNP_EVENT_NOTIFY" ScoreValue="0" ScoreUnit="" />
<AssessmentScore ScoreName="netkvm.x64.SDV.DriverEntry.fun_MINIPORT_DIRECT_OID_REQUEST" ScoreValue="0" ScoreUnit="" />
<AssessmentScore ScoreName="netkvm.x64.SDV.DriverEntry.fun_MINIPORT_DISABLE_INTERRUPT_1" ScoreValue="0" ScoreUnit="" />
<AssessmentScore ScoreName="netkvm.x64.SDV.DriverEntry.fun_MINIPORT_DISABLE_MESSAGE_INTERRUPT_1" ScoreValue="0" ScoreUnit="" />
<AssessmentScore ScoreName="netkvm.x64.SDV.DriverEntry.fun_MINIPORT_ENABLE_INTERRUPT_1" ScoreValue="0" ScoreUnit="" />
<AssessmentScore ScoreName="netkvm.x64.SDV.DriverEntry.fun_MINIPORT_ENABLE_MESSAGE_INTERRUPT_1" ScoreValue="0" ScoreUnit="" />
<AssessmentScore ScoreName="netkvm.x64.SDV.DriverEntry.fun_MINIPORT_HALT" ScoreValue="0" ScoreUnit="" />
<AssessmentScore ScoreName="netkvm.x64.SDV.DriverEntry.fun_MINIPORT_INITIALIZE" ScoreValue="0" ScoreUnit="" />
<AssessmentScore ScoreName="netkvm.x64.SDV.DriverEntry.fun_MINIPORT_INTERRUPT_DPC_1" ScoreValue="0" ScoreUnit="" />
<AssessmentScore ScoreName="netkvm.x64.SDV.DriverEntry.fun_MINIPORT_ISR_1" ScoreValue="0" ScoreUnit="" />
<AssessmentScore ScoreName="netkvm.x64.SDV.DriverEntry.fun_MINIPORT_MESSAGE_INTERRUPT_1" ScoreValue="0" ScoreUnit="" />
<AssessmentScore ScoreName="netkvm.x64.SDV.DriverEntry.fun_MINIPORT_MESSAGE_INTERRUPT_DPC_1" ScoreValue="0" ScoreUnit="" />
<AssessmentScore ScoreName="netkvm.x64.SDV.DriverEntry.fun_MINIPORT_OID_REQUEST" ScoreValue="0" ScoreUnit="" />
<AssessmentScore ScoreName="netkvm.x64.SDV.DriverEntry.fun_MINIPORT_PAUSE" ScoreValue="0" ScoreUnit="" />
<AssessmentScore ScoreName="netkvm.x64.SDV.DriverEntry.fun_MINIPORT_PROCESS_SG_LIST" ScoreValue="0" ScoreUnit="" />
<AssessmentScore ScoreName="netkvm.x64.SDV.DriverEntry.fun_MINIPORT_REMOVE_DEVICE" ScoreValue="0" ScoreUnit="" />
<AssessmentScore ScoreName="netkvm.x64.SDV.DriverEntry.fun_MINIPORT_RESET" ScoreValue="0" ScoreUnit="" />
<AssessmentScore ScoreName="netkvm.x64.SDV.DriverEntry.fun_MINIPORT_RESTART" ScoreValue="0" ScoreUnit="" />
<AssessmentScore ScoreName="netkvm.x64.SDV.DriverEntry.fun_MINIPORT_RETURN_NET_BUFFER_LISTS" ScoreValue="0" ScoreUnit="" />
<AssessmentScore ScoreName="netkvm.x64.SDV.DriverEntry.fun_MINIPORT_SEND_NET_BUFFER_LISTS" ScoreValue="0" ScoreUnit="" />
<AssessmentScore ScoreName="netkvm.x64.SDV.DriverEntry.fun_MINIPORT_SHUTDOWN" ScoreValue="0" ScoreUnit="" />
<AssessmentScore ScoreName="netkvm.x64.SDV.DriverEntry.fun_MINIPORT_UNLOAD" ScoreValue="0" ScoreUnit="" />
<AssessmentScore ScoreName="netkvm.x64.SDV.DriverEntry.fun_NDIS_IO_WORKITEM_FUNCTION_1" ScoreValue="0" ScoreUnit="" />
<AssessmentScore ScoreName="netkvm.x64.SDV.ActiveRuleTotal" ScoreValue="98" ScoreUnit="Total rules available" />
<AssessmentScore ScoreName="netkvm.x64.SDV.Rule.irqlapclte" ScoreValue="0" ScoreUnit="SDV_PASSED" />
<AssessmentScore ScoreName="netkvm.x64.SDV.Rule.ndismindicatestatusex" ScoreValue="0" ScoreUnit="SDV_PASSED" />
<AssessmentScore ScoreName="netkvm.x64.SDV.Rule.ndisallocatenetbufferlist" ScoreValue="0" ScoreUnit="SDV_PASSED" />
<AssessmentScore ScoreName="netkvm.x64.SDV.Rule.irqlzwpassive" ScoreValue="0" ScoreUnit="SDV_PASSED" />
<AssessmentScore ScoreName="netkvm.x64.SDV.Rule.irql_statusindication_function" ScoreValue="0" ScoreUnit="SDV_PASSED" />
<AssessmentScore ScoreName="netkvm.x64.SDV.Rule.pre_isminiport" ScoreValue="0" ScoreUnit="SDV_PASSED" />
<AssessmentScore ScoreName="netkvm.x64.SDV.Rule.ndisopenconfigurationex" ScoreValue="0" ScoreUnit="SDV_PASSED" />
<AssessmentScore ScoreName="netkvm.x64.SDV.Rule.irqliopassive3" ScoreValue="0" ScoreUnit="SDV_PASSED" />
<AssessmentScore ScoreName="netkvm.x64.SDV.Rule.ndisallocatenetbufferpool_initfail" ScoreValue="0" ScoreUnit="SDV_PASSED" />
<AssessmentScore ScoreName="netkvm.x64.SDV.Rule.irql_interrupt_function" ScoreValue="0" ScoreUnit="SDV_PASSED" />
<AssessmentScore ScoreName="netkvm.x64.SDV.Rule.ndisallocatenetbuffermdlanddata_initfail" ScoreValue="0" ScoreUnit="SDV_PASSED" />
<AssessmentScore ScoreName="netkvm.x64.SDV.Rule.irqlioapclte" ScoreValue="0" ScoreUnit="SDV_PASSED" />
<AssessmentScore ScoreName="netkvm.x64.SDV.Rule.irqlmmdispatch" ScoreValue="0" ScoreUnit="SDV_PASSED" />
<AssessmentScore ScoreName="netkvm.x64.SDV.Rule.irqliodispatch" ScoreValue="0" ScoreUnit="SDV_PASSED" />
<AssessmentScore ScoreName="netkvm.x64.SDV.Rule.spinlockdprrelease" ScoreValue="0" ScoreUnit="SDV_PASSED" />
<AssessmentScore ScoreName="netkvm.x64.SDV.Rule.irql_synch_function" ScoreValue="0" ScoreUnit="SDV_PASSED" />
<AssessmentScore ScoreName="netkvm.x64.SDV.Rule.irqliopassive5" ScoreValue="0" ScoreUnit="SDV_PASSED" />
<AssessmentScore ScoreName="netkvm.x64.SDV.Rule.irqlexapclte3" ScoreValue="0" ScoreUnit="SDV_PASSED" />
<AssessmentScore ScoreName="netkvm.x64.SDV.Rule.irqlkewaitformultipleobjects" ScoreValue="0" ScoreUnit="SDV_PASSED" />
<AssessmentScore ScoreName="netkvm.x64.SDV.Rule.ndisallocategenericobject" ScoreValue="0" ScoreUnit="SDV_PASSED" />
<AssessmentScore ScoreName="netkvm.x64.SDV.Rule.irqliopassive1" ScoreValue="0" ScoreUnit="SDV_PASSED" />
<AssessmentScore ScoreName="netkvm.x64.SDV.Rule.irqlrtlpassive" ScoreValue="0" ScoreUnit="SDV_PASSED" />
<AssessmentScore ScoreName="netkvm.x64.SDV.Rule.irql_timer_function" ScoreValue="0" ScoreUnit="SDV_PASSED" />
<AssessmentScore ScoreName="netkvm.x64.SDV.Rule.ndismfreesharedmemory" ScoreValue="0" ScoreUnit="SDV_PASSED" />
<AssessmentScore ScoreName="netkvm.x64.SDV.Rule.init_ndisallocateioworkitem" ScoreValue="0" ScoreUnit="SDV_PASSED" />
<AssessmentScore ScoreName="netkvm.x64.SDV.Rule.irql_interfaces_function" ScoreValue="0" ScoreUnit="SDV_PASSED" />
<AssessmentScore ScoreName="netkvm.x64.SDV.Rule.ndisallocatememorywithtagpriority" ScoreValue="0" ScoreUnit="SDV_PASSED" />
<AssessmentScore ScoreName="netkvm.x64.SDV.Rule.irqlkedispatchlte" ScoreValue="0" ScoreUnit="SDV_PASSED" />
<AssessmentScore ScoreName="netkvm.x64.SDV.Rule.irql_gather_dma_function" ScoreValue="0" ScoreUnit="SDV_PASSED" />
<AssessmentScore ScoreName="netkvm.x64.SDV.Rule.irqlexapclte1" ScoreValue="0" ScoreUnit="SDV_PASSED" />
<AssessmentScore ScoreName="netkvm.x64.SDV.Rule.irql_miniport_driver_function" ScoreValue="0" ScoreUnit="SDV_PASSED" />
<AssessmentScore ScoreName="netkvm.x64.SDV.Rule.irqlexapclte2" ScoreValue="0" ScoreUnit="SDV_PASSED" />
<AssessmentScore ScoreName="netkvm.x64.SDV.Rule.irql_im_function" ScoreValue="0" ScoreUnit="SDV_PASSED" />
<AssessmentScore ScoreName="netkvm.x64.SDV.Rule.init_registersg" ScoreValue="0" ScoreUnit="SDV_PASSED" />
<AssessmentScore ScoreName="netkvm.x64.SDV.Rule.ndismnetpnpeventinoidrequest" ScoreValue="0" ScoreUnit="SDV_PASSED" />
<AssessmentScore ScoreName="netkvm.x64.SDV.Rule.ndisallocatefragmentnetbufferlist_initfail" ScoreValue="0" ScoreUnit="SDV_PASSED" />
<AssessmentScore ScoreName="netkvm.x64.SDV.Rule.spinlockrelease" ScoreValue="0" ScoreUnit="SDV_PASSED" />
<AssessmentScore ScoreName="netkvm.x64.SDV.Rule.doublecomplete" ScoreValue="0" ScoreUnit="SDV_PASSED" />
<AssessmentScore ScoreName="netkvm.x64.SDV.Rule.spinlockbalanced" ScoreValue="0" ScoreUnit="SDV_PASSED" />
<AssessmentScore ScoreName="netkvm.x64.SDV.Rule.irql_protocol_driver_function" ScoreValue="0" ScoreUnit="SDV_PASSED" />
<AssessmentScore ScoreName="netkvm.x64.SDV.Rule.irql_mco_function" ScoreValue="0" ScoreUnit="SDV_PASSED" />
<AssessmentScore ScoreName="netkvm.x64.SDV.Rule.irqlrtlpassive2" ScoreValue="0" ScoreUnit="SDV_PASSED" />
<AssessmentScore ScoreName="netkvm.x64.SDV.Rule.pre_isprotocol" ScoreValue="2" ScoreUnit="SDV_NA" />
<AssessmentScore ScoreName="netkvm.x64.SDV.Rule.irqldispatch" ScoreValue="0" ScoreUnit="SDV_PASSED" />
<AssessmentScore ScoreName="netkvm.x64.SDV.Rule.spinlockdpr" ScoreValue="0" ScoreUnit="SDV_PASSED" />
<AssessmentScore ScoreName="netkvm.x64.SDV.Rule.irql_sendrcv_function" ScoreValue="0" ScoreUnit="SDV_PASSED" />
<AssessmentScore ScoreName="netkvm.x64.SDV.Rule.ndisallocatenetbufferlist2_initfail" ScoreValue="0" ScoreUnit="SDV_PASSED" />
<AssessmentScore ScoreName="netkvm.x64.SDV.Rule.irql_callmanager_function" ScoreValue="0" ScoreUnit="SDV_PASSED" />
<AssessmentScore ScoreName="netkvm.x64.SDV.Rule.ndisallocatenetbufferlistpool" ScoreValue="0" ScoreUnit="SDV_PASSED" />
<AssessmentScore ScoreName="netkvm.x64.SDV.Rule.irqlexpassive" ScoreValue="0" ScoreUnit="SDV_PASSED" />
<AssessmentScore ScoreName="netkvm.x64.SDV.Rule.miniportpause_return" ScoreValue="0" ScoreUnit="SDV_PASSED" />
<AssessmentScore ScoreName="netkvm.x64.SDV.Rule.ndisallocatenetbufferpool" ScoreValue="0" ScoreUnit="SDV_PASSED" />
<AssessmentScore ScoreName="netkvm.x64.SDV.Rule.irqlkereleasespinlock" ScoreValue="0" ScoreUnit="SDV_PASSED" />
<AssessmentScore ScoreName="netkvm.x64.SDV.Rule.irql_netbuffer_function" ScoreValue="0" ScoreUnit="SDV_PASSED" />
<AssessmentScore ScoreName="netkvm.x64.SDV.Rule.irql_miscellaneous_function" ScoreValue="0" ScoreUnit="SDV_PASSED" />
<AssessmentScore ScoreName="netkvm.x64.SDV.Rule.ndismmapiospace" ScoreValue="0" ScoreUnit="SDV_PASSED" />
<AssessmentScore ScoreName="netkvm.x64.SDV.Rule.irql_mcm_function" ScoreValue="0" ScoreUnit="SDV_PASSED" />
<AssessmentScore ScoreName="netkvm.x64.SDV.Rule.ndisreenumerateprotocolbindings" ScoreValue="0" ScoreUnit="SDV_PASSED" />
<AssessmentScore ScoreName="netkvm.x64.SDV.Rule.irqlpspassive" ScoreValue="0" ScoreUnit="SDV_PASSED" />
<AssessmentScore ScoreName="netkvm.x64.SDV.Rule.irqlmmapclte" ScoreValue="0" ScoreUnit="SDV_PASSED" />
<AssessmentScore ScoreName="netkvm.x64.SDV.Rule.irql_connection_function" ScoreValue="0" ScoreUnit="SDV_PASSED" />
<AssessmentScore ScoreName="netkvm.x64.SDV.Rule.irqlobpassive" ScoreValue="0" ScoreUnit="SDV_PASSED" />
<AssessmentScore ScoreName="netkvm.x64.SDV.Rule.ndisallocatereassemblednetbufferlist_initfail" ScoreValue="0" ScoreUnit="SDV_PASSED" />
<AssessmentScore ScoreName="netkvm.x64.SDV.Rule.irqliopassive4" ScoreValue="0" ScoreUnit="SDV_PASSED" />
<AssessmentScore ScoreName="netkvm.x64.SDV.Rule.ndisallocatememorywithtagpriority_initfail" ScoreValue="0" ScoreUnit="SDV_PASSED" />
<AssessmentScore ScoreName="netkvm.x64.SDV.Rule.pre_islwf" ScoreValue="2" ScoreUnit="SDV_NA" />
<AssessmentScore ScoreName="netkvm.x64.SDV.Rule.irql_oid_function" ScoreValue="0" ScoreUnit="SDV_PASSED" />
<AssessmentScore ScoreName="netkvm.x64.SDV.Rule.init_registerinterrupt" ScoreValue="0" ScoreUnit="SDV_PASSED" />
<AssessmentScore ScoreName="netkvm.x64.SDV.Rule.ndisallocatefromnpagedlookasidelist_initfail" ScoreValue="0" ScoreUnit="SDV_PASSED" />
<AssessmentScore ScoreName="netkvm.x64.SDV.Rule.ndisallocatefromnpagedlookasidelist" ScoreValue="0" ScoreUnit="SDV_PASSED" />
<AssessmentScore ScoreName="netkvm.x64.SDV.Rule.ndisallocatememorywithtagpriority_cleanup" ScoreValue="0" ScoreUnit="SDV_PASSED" />
<AssessmentScore ScoreName="netkvm.x64.SDV.Rule.ndisallocatemdl" ScoreValue="0" ScoreUnit="SDV_PASSED" />
<AssessmentScore ScoreName="netkvm.x64.SDV.Rule.irqlkeraiselower2" ScoreValue="0" ScoreUnit="SDV_PASSED" />
<AssessmentScore ScoreName="netkvm.x64.SDV.Rule.ndisallocatenetbufferlist_initfail" ScoreValue="0" ScoreUnit="SDV_PASSED" />
<AssessmentScore ScoreName="netkvm.x64.SDV.Rule.ndismregisterioportrange" ScoreValue="0" ScoreUnit="SDV_PASSED" />
<AssessmentScore ScoreName="netkvm.x64.SDV.Rule.irqliopassive2" ScoreValue="0" ScoreUnit="SDV_PASSED" />
<AssessmentScore ScoreName="netkvm.x64.SDV.Rule.ndisallocatenetbuffermdlanddata" ScoreValue="0" ScoreUnit="SDV_PASSED" />
<AssessmentScore ScoreName="netkvm.x64.SDV.Rule.ndismderegisterinterruptex" ScoreValue="0" ScoreUnit="SDV_PASSED" />
<AssessmentScore ScoreName="netkvm.x64.SDV.Rule.ndisallocatereassemblednetbufferlist" ScoreValue="0" ScoreUnit="SDV_PASSED" />
<AssessmentScore ScoreName="netkvm.x64.SDV.Rule.ndisallocateclonenetbufferlist_initfail" ScoreValue="0" ScoreUnit="SDV_PASSED" />
<AssessmentScore ScoreName="netkvm.x64.SDV.Rule.ndisallocatenetbufferlistpool_initfail" ScoreValue="0" ScoreUnit="SDV_PASSED" />
<AssessmentScore ScoreName="netkvm.x64.SDV.Rule.ndisallocateclonenetbufferlist" ScoreValue="0" ScoreUnit="SDV_PASSED" />
<AssessmentScore ScoreName="netkvm.x64.SDV.Rule.irql_filter_driver_function" ScoreValue="0" ScoreUnit="SDV_PASSED" />
<AssessmentScore ScoreName="netkvm.x64.SDV.Rule.irqlrtlapc" ScoreValue="0" ScoreUnit="SDV_PASSED" />
<AssessmentScore ScoreName="netkvm.x64.SDV.Rule.init_deregisterinterrupt" ScoreValue="0" ScoreUnit="SDV_PASSED" />
<AssessmentScore ScoreName="netkvm.x64.SDV.Rule.irqlkewaitformutexobject" ScoreValue="0" ScoreUnit="SDV_PASSED" />
<AssessmentScore ScoreName="netkvm.x64.SDV.Rule.irql_irqlsetting_function" ScoreValue="0" ScoreUnit="SDV_PASSED" />
<AssessmentScore ScoreName="netkvm.x64.SDV.Rule.ndisquerybindinstancename" ScoreValue="0" ScoreUnit="SDV_PASSED" />
<AssessmentScore ScoreName="netkvm.x64.SDV.Rule.ndisallocatefragmentnetbufferlist" ScoreValue="0" ScoreUnit="SDV_PASSED" />
<AssessmentScore ScoreName="netkvm.x64.SDV.Rule.doublecompleteworkitem" ScoreValue="0" ScoreUnit="SDV_PASSED" />
<AssessmentScore ScoreName="netkvm.x64.SDV.Rule.irqlkeraiselower" ScoreValue="0" ScoreUnit="SDV_PASSED" />
<AssessmentScore ScoreName="netkvm.x64.SDV.Rule.irqlexallocatepool" ScoreValue="0" ScoreUnit="SDV_PASSED" />
<AssessmentScore ScoreName="netkvm.x64.SDV.Rule.ndisfderegisterfilterdriver" ScoreValue="0" ScoreUnit="SDV_PASSED" />
<AssessmentScore ScoreName="netkvm.x64.SDV.Rule.irqlkeapclte2" ScoreValue="0" ScoreUnit="SDV_PASSED" />
<AssessmentScore ScoreName="netkvm.x64.SDV.Rule.irqlkeapclte1" ScoreValue="0" ScoreUnit="SDV_PASSED" />
<AssessmentScore ScoreName="netkvm.x64.SDV.Rule.ndisallocatenetbuffer" ScoreValue="0" ScoreUnit="SDV_PASSED" />
<AssessmentScore ScoreName="netkvm.x64.SDV.Rule.periodictimer" ScoreValue="0" ScoreUnit="SDV_PASSED" />
<AssessmentScore ScoreName="netkvm.x64.SDV.Rule.ndisallocatenetbufferlist2" ScoreValue="0" ScoreUnit="SDV_PASSED" />
<AssessmentScore ScoreName="netkvm.x64.SDV.Rule.irqlexapclteinline" ScoreValue="0" ScoreUnit="SDV_PASSED" />
<AssessmentScore ScoreName="netkvm.x64.SDV.Rule.spinlock" ScoreValue="0" ScoreUnit="SDV_PASSED" />

<AssessmentScore ScoreName="netkvm.x64.CodeAnalysis.Summary" ScoreValue="5" ScoreUnit="Types of defects seen" />
<AssessmentScore ScoreName="netkvm.x64.CodeAnalysis.Defect.26165" ScoreValue="2" ScoreUnit="CA_FAILED" />
<AssessmentScore ScoreName="netkvm.x64.CodeAnalysis.Defect.26167" ScoreValue="1" ScoreUnit="CA_FAILED" />
<AssessmentScore ScoreName="netkvm.x64.CodeAnalysis.Defect.26160" ScoreValue="2" ScoreUnit="CA_FAILED" />
<AssessmentScore ScoreName="netkvm.x64.CodeAnalysis.Defect.26135" ScoreValue="6" ScoreUnit="CA_FAILED" />
<AssessmentScore ScoreName="netkvm.x64.CodeAnalysis.Defect.28197" ScoreValue="3" ScoreUnit="CA_FAILED" />

</Data>